question,option1,option2,option3,option4,correct
問題1をここに書く,選択肢1,選択肢2,選択肢3,選択肢4,1
問題2をここに書く,選択肢1,選択肢2,選択肢3,選択肢4,2
問題3をここに書く,選択肢1,選択肢2,選択肢3,選択肢4,3
問題4をここに書く,選択肢1,選択肢2,選択肢3,選択肢4,4
問題5をここに書く,選択肢1,選択肢2,選択肢3,選択肢4,5
問題6をここに書く,選択肢1,選択肢2,選択肢3,選択肢4,6
問題7をここに書く,選択肢1,選択肢2,選択肢3,選択肢4,7
問題8をここに書く,選択肢1,選択肢2,選択肢3,選択肢4,8
問題9をここに書く,選択肢1,選択肢2,選択肢3,選択肢4,9
問題10をここに書く,選択肢1,選択肢2,選択肢3,選択肢4,10
問題11をここに書く,選択肢1,選択肢2,選択肢3,選択肢4,11
問題12をここに書く,選択肢1,選択肢2,選択肢3,選択肢4,12
問題13をここに書く,選択肢1,選択肢2,選択肢3,選択肢4,13
問題14をここに書く,選択肢1,選択肢2,選択肢3,選択肢4,14
問題15をここに書く,選択肢1,選択肢2,選択肢3,選択肢4,15
問題16をここに書く,選択肢1,選択肢2,選択肢3,選択肢4,16
問題17をここに書く,選択肢1,選択肢2,選択肢3,選択肢4,17
問題18をここに書く,選択肢1,選択肢2,選択肢3,選択肢4,18
問題19をここに書く,選択肢1,選択肢2,選択肢3,選択肢4,19
問題20をここに書く,選択肢1,選択肢2,選択肢3,選択肢4,20
